Number,Symbol,Name,Details,Version,Token Address,Etherscan Link,Owner,Granularity,Total Supply,Transfers Frozen,Minting Frozen,Controller,Investor,Latest Checkpoint,Modules Attached (PermissionManager),Modules Attached (TransferManager),Modules Attached (STO),Modules Attached (Checkpoint),Modules Attached (Burn)
1,WE.R.LIVE,Polymath Test Token,0x00,2.0.0,0x34ca1fce2b676d483f6c498c4669be078f853b65,https://etherscan.io/token/0x34ca1fce2b676d483f6c498c4669be078f853b65,0xfD4c0F5848642FC2041c003cb684fc66B16217bc,1,"773,617",FALSE,FALSE,0x0000000000000000000000000000000000000000,23,4,0,1,0,1,0
2,ANN,Agent Not Needed,AgentNotNeeded STO,2.0.0,0x2739d364c690547b2f2a98d072f388a8920876ac,https://etherscan.io/token/0x2739d364c690547b2f2a98d072f388a8920876ac,0x27448B14A7c16c613b4e8Ef4Fdc26283955e994B,1.00E+18,0,FALSE,FALSE,0x0000000000000000000000000000000000000000,0,0,0,1,0,0,0
3,7PASS,7PASS,https://www.7passtoken.com/,2.0.0,0x13d74fc501cc63f94cc8778bdf4686222e324eaa,https://etherscan.io/token/0x13d74fc501cc63f94cc8778bdf4686222e324eaa,0x029023C27209275d383B9d882FF751bf73Fd7730,1,0,FALSE,FALSE,0x0000000000000000000000000000000000000000,0,0,0,1,0,0,0
4,EXAT,Exacore Token,https://exacore.io/wp-content/uploads/2018/07/exacore-whitepaper-v0.1-1.pdf,2.0.0,0xf842e50c1c8823b993ccabbd89c43342497dd308,https://etherscan.io/token/0xf842e50c1c8823b993ccabbd89c43342497dd308,0xd87cC86789c79bb02043463efC94D8E76E328A98,1.00E+18,0,FALSE,FALSE,0x0000000000000000000000000000000000000000,0,0,0,1,0,0,0
5,BHG,BlackHorse Group,,2.0.0,0x890a29aaf5698dd27dd43ae87082dedb06cd87c4,https://etherscan.io/token/0x890a29aaf5698dd27dd43ae87082dedb06cd87c4,0x55bcB10966588F978e34C57cC9e52AE7121cC8A4,1,0,FALSE,FALSE,0x0000000000000000000000000000000000000000,0,0,0,1,0,0,0
6,BHG,BlackHorse Group,,2.0.0,0xfedfe985ce3fb5b6d065966bec25b70a9380c97d,https://etherscan.io/token/0xfedfe985ce3fb5b6d065966bec25b70a9380c97d,0x55bcB10966588F978e34C57cC9e52AE7121cC8A4,1,"1,000,000,000",FALSE,FALSE,0x0000000000000000000000000000000000000000,1,0,0,1,0,0,0
7,RMT,renmintoken,,2.0.0,0x946546ef7d6adca5239e12da9f5b32a4a4f973b7,https://etherscan.io/token/0x946546ef7d6adca5239e12da9f5b32a4a4f973b7,0xD52d25C8B6e3704AAb3D8bE8e1A33a5da070C2a9,1,0,FALSE,FALSE,0x0000000000000000000000000000000000000000,0,0,0,1,0,0,0
8,BUFF,Buffalo Chicken,,2.0.0,0x2bc5ad80b9ff6308af27bfd826654bee02dcbf95,https://etherscan.io/token/0x2bc5ad80b9ff6308af27bfd826654bee02dcbf95,0x212bc2ED72CBC59E9856E8008fD52CaFF627aCB4,1,0,FALSE,FALSE,0x0000000000000000000000000000000000000000,0,0,0,1,0,0,0
9,RMT,renmintoken,,2.0.0,0x946546ef7d6adca5239e12da9f5b32a4a4f973b7,https://etherscan.io/token/0x946546ef7d6adca5239e12da9f5b32a4a4f973b7,0xD52d25C8B6e3704AAb3D8bE8e1A33a5da070C2a9,1,0,FALSE,FALSE,0x0000000000000000000000000000000000000000,0,0,0,1,0,0,0
10,CRYP,CRYP Token,,2.0.0,0xb9864a507040d0aa0d5d7eb892aab759df935a7f,https://etherscan.io/token/0xb9864a507040d0aa0d5d7eb892aab759df935a7f,0x8f28E1cC162427b1731D6e1365F546398a7e2Ed4,1.00E+18,0,FALSE,FALSE,0x0000000000000000000000000000000000000000,0,0,0,1,0,0,0
11,ITALY,ITALY,,2.0.0,0x87513cf9af5c4bc86b31ec39ab179f25d54802b7,https://etherscan.io/token/0x87513cf9af5c4bc86b31ec39ab179f25d54802b7,0x9cCA7aF95C6e276ae8078DB81a3e44814a16b28b,1,0,FALSE,FALSE,0x0000000000000000000000000000000000000000,0,0,0,1,0,0,0
12,SLASH,SLASH COFFEE TOKEN,https://www.slash.coffee/token,2.0.0,0xa7a44ad31f75f75a70f7822a9270f6fc8b1e0ba2,https://etherscan.io/token/0xa7a44ad31f75f75a70f7822a9270f6fc8b1e0ba2,0xcAae790A10E8F8f13C55461FCAbB6769998b899A,1.00E+18,0,FALSE,FALSE,0x0000000000000000000000000000000000000000,0,0,0,1,0,0,0
13,TRANXIT,Tranxit Tech Tokens,,2.0.0,0xcdd8ad93d9e33fd876dce674c45d64ac5332c7d6,https://etherscan.io/token/0xcdd8ad93d9e33fd876dce674c45d64ac5332c7d6,0x4784B5c52545f8152001c0358Fef15B5C72231f1,1,0,FALSE,FALSE,0x0000000000000000000000000000000000000000,0,0,0,1,0,0,0
14,FACT,Factom,https://www.factom.com/,2.0.0,0x744bd57fb129a517ddf501fd6117f3121c1228ce,https://etherscan.io/token/0x744bd57fb129a517ddf501fd6117f3121c1228ce,0x5D9e154076A1F5A51510Fcd6ea028326C2de0907,1.00E+18,0,FALSE,FALSE,0x0000000000000000000000000000000000000000,0,0,0,1,0,0,0
15,MSC,Music,,2.0.0,0x4e8964047bc37bcbbbb532f4aa468499c4ff039d,https://etherscan.io/token/0x4e8964047bc37bcbbbb532f4aa468499c4ff039d,0xD52d25C8B6e3704AAb3D8bE8e1A33a5da070C2a9,1,0,FALSE,FALSE,0x0000000000000000000000000000000000000000,0,0,0,1,0,0,0
16,MSC,Music,,2.0.0,0x073de7607903e5eec5181e88d655fa50c797344b,https://etherscan.io/token/0x073de7607903e5eec5181e88d655fa50c797344b,0xD52d25C8B6e3704AAb3D8bE8e1A33a5da070C2a9,1,"100,000",FALSE,FALSE,0x0000000000000000000000000000000000000000,1,0,0,1,0,0,0
17,LAND,William Penn,,2.0.0,0x6368c00f01988cbe01ca81ae51cb1db64deb1e6b,https://etherscan.io/token/0x6368c00f01988cbe01ca81ae51cb1db64deb1e6b,0x3d47BA637D342B25Af7cCd6E0e47DF47ae1D1Efb,1,0,FALSE,FALSE,0x0000000000000000000000000000000000000000,0,0,0,1,0,0,0
18,GSE,Galactic Systems Equity Token,,2.0.0,0xaa876ecc990a79b8fa6d896c78977d4a1f0b6998,https://etherscan.io/token/0xaa876ecc990a79b8fa6d896c78977d4a1f0b6998,0xA912709f8E0E16ABC8FAC2d575bdB8374a839977,1,0,FALSE,FALSE,0x0000000000000000000000000000000000000000,0,0,0,1,0,0,0
19,GSE,Galactic Systems Equity Token,,2.0.0,0xe1c2fbf0a65c2262452b0ecd5a1783680f99f32d,https://etherscan.io/token/0xe1c2fbf0a65c2262452b0ecd5a1783680f99f32d,0xA912709f8E0E16ABC8FAC2d575bdB8374a839977,1,0,FALSE,FALSE,0x0000000000000000000000000000000000000000,0,0,0,1,0,0,0
20,BLABS,Blockchain Labs Asia,https://www.blabs.asia/investor,2.0.0,0xfbf8e2727dc3d986069c19b13d41e34d3601a0b8,https://etherscan.io/token/0xfbf8e2727dc3d986069c19b13d41e34d3601a0b8,0xbE95Ea3B00285D580CfD737d626082c0514BF675,1.00E+18,0,TRUE,FALSE,0xbE95Ea3B00285D580CfD737d626082c0514BF675,0,0,0,1,0,0,0
21,SONATA,Sonata Capital,https://www.sonata.capital/investor,2.0.0,0xcb9f71f32300f15e771555fafd30e25e239959e0,https://etherscan.io/token/0xcb9f71f32300f15e771555fafd30e25e239959e0,0x9f86C2105849F8aF776F841e312f20122c05F40F,1.00E+18,0,TRUE,FALSE,0x9f86C2105849F8aF776F841e312f20122c05F40F,0,0,0,1,0,0,0
22,BKYA,Bookya,https://www.bookya.com/investor/,2.0.0,0x0f133cc70162f6eb373b3b3cc2bd2932bf8e2ade,https://etherscan.io/token/0x0f133cc70162f6eb373b3b3cc2bd2932bf8e2ade,0xeE8f150257b3ff397CDcb3eB14b6fd5763cc7244,1.00E+18,0,TRUE,FALSE,0xeE8f150257b3ff397CDcb3eB14b6fd5763cc7244,0,0,0,1,0,0,0
23,CNODE,CryptoNode,https://www.cryptonode.me/investor/,2.0.0,0xc94aa079c114d02c484dd55256d854d71feeca70,https://etherscan.io/token/0xc94aa079c114d02c484dd55256d854d71feeca70,0x1A9638cd2b54B213717031ccab15Af672cA4e506,1.00E+18,0,TRUE,FALSE,0x1A9638cd2b54B213717031ccab15Af672cA4e506,0,0,0,1,0,0,0
24,EGX,Enegra,https://www.enegra.com/investor/,2.0.0,0xa19bbef64eff0d060a653e4df10a57b6d8006d3e,https://etherscan.io/token/0xa19bbef64eff0d060a653e4df10a57b6d8006d3e,0x2e31AE306D7CDd0bc9e75d38Ad19A26F0e337842,1.00E+18,0,TRUE,FALSE,0x2e31AE306D7CDd0bc9e75d38Ad19A26F0e337842,0,0,0,1,0,0,0
25,NTVL,Nottingham Village,https://www.nottinghamvillageapts.com,2.0.0,0x8565feeb18eec43d7a706d8061326e3084a1e8de,https://etherscan.io/token/0x8565feeb18eec43d7a706d8061326e3084a1e8de,0x3AE1f3D1B5546D62035A2c5112e854f292ACf2FA,1.00E+18,0,TRUE,FALSE,0x3AE1f3D1B5546D62035A2c5112e854f292ACf2FA,0,0,0,1,0,0,0
26,EXRP,ExBank,https://drive.google.com/file/d/0B0TCleY_7leDTzd1MXlOR1JrWEMzMmNVNEZmV3FkRkVVUzNF/view?usp=sharing,2.0.0,0x21746ad0eb4a872bc88cd96a64b5c2882a819c0f,https://etherscan.io/token/0x21746ad0eb4a872bc88cd96a64b5c2882a819c0f,0xADb7f88443cFad5A6852133e177402c1aCb866Fe,1,0,FALSE,FALSE,0x0000000000000000000000000000000000000000,0,0,0,1,0,0,0
27,DECS,DAREX Share,,2.0.0,0xb1e71c54bd7e2f0e2e96a0efa1c78a9f6f1298af,https://etherscan.io/token/0xb1e71c54bd7e2f0e2e96a0efa1c78a9f6f1298af,0xe619Bd7a7e8fB0856A0E52416e9cDB4f05E5DebA,1.00E+18,"99,000,000",FALSE,FALSE,0x0000000000000000000000000000000000000000,1,0,0,1,0,0,0
28,JET,Jetline,,2.0.0,0x8818df555f8287d11e535555cd070a672110a13a,https://etherscan.io/token/0x8818df555f8287d11e535555cd070a672110a13a,0x8f2FbD03AEA3e71409A583Bc54118cA56993147D,1.00E+18,0,FALSE,FALSE,0x0000000000000000000000000000000000000000,0,0,0,1,0,0,0
29,GLX,GLX,https://drive.google.com/drive/folders/1IEkDKYWfhGpKTRYUyY-b1mjGGndNhzh0?usp=sharing,2.0.0,0x5c6e88b41bd8b18443a672ecc64cb339f577e82c,https://etherscan.io/token/0x5c6e88b41bd8b18443a672ecc64cb339f577e82c,0xC6860754aC59C9EC82B2dB3147862d59685f164f,1.00E+18,0,FALSE,FALSE,0x0000000000000000000000000000000000000000,0,0,0,1,0,0,0
30,BRIXCORP,BRIX International Limited,https://www.brix.international/corporate/investor/,2.0.0,0x1ae4167599f37d8b60e3272ec80df948ad1e1874,https://etherscan.io/token/0x1ae4167599f37d8b60e3272ec80df948ad1e1874,0x8B8c315DC26413520DD53826a4c0C9d947c3Ba70,1.00E+18,0,TRUE,FALSE,0x8B8c315DC26413520DD53826a4c0C9d947c3Ba70,0,0,0,1,0,0,0
31,KEEPTOKEN,KEEP EXCHANGE TOKEN,,2.0.0,0x826af12508fcbcde2cf3c8836e6b536f224af62b,https://etherscan.io/token/0x826af12508fcbcde2cf3c8836e6b536f224af62b,0x8A1d0a7c9682019C204bF08C0Ecc75C13675be58,1,0,FALSE,FALSE,0x0000000000000000000000000000000000000000,0,0,0,1,0,0,0
32,SAAKO,SAAKO,,2.0.0,0x93b49f162789ba97e725e1c58508bcb1a80aaf85,https://etherscan.io/token/0x93b49f162789ba97e725e1c58508bcb1a80aaf85,0x774FB4524D82Bf595852A9B3Ef04F466AEe77161,1,0,FALSE,FALSE,0x0000000000000000000000000000000000000000,0,0,0,1,0,0,0
33,X,GLX,https://drive.google.com/drive/folders/1h5ifTjYBZu-RAOVyGb2feQrJIG8Dh9qa?usp=sharing,2.0.0,0xc5bfe5e7e90750cd61390369734adba76a438701,https://etherscan.io/token/0xc5bfe5e7e90750cd61390369734adba76a438701,0xC6860754aC59C9EC82B2dB3147862d59685f164f,1.00E+18,0,FALSE,FALSE,0x0000000000000000000000000000000000000000,0,0,0,1,0,0,0
34,CLT,Calidris Token,,2.0.0,0x82ab77961103b28384a44f1f169f69ac177b80cd,https://etherscan.io/token/0x82ab77961103b28384a44f1f169f69ac177b80cd,0x45D80dcf9dC5E403d56bAe7511d44319Dad76Bbe,1,0,FALSE,FALSE,0x0000000000000000000000000000000000000000,0,0,0,1,0,0,0
35,LOVE,Love Kombucha,,2.0.0,0x2b78d40730af10092084512f11218d6148e37e66,https://etherscan.io/token/0x2b78d40730af10092084512f11218d6148e37e66,0x44F97283227fDFf79c48658A9435e7a13019037f,1,"144,122,222",FALSE,FALSE,0x0000000000000000000000000000000000000000,5,0,0,1,0,0,0
36,PYA,Predya,https://predya.io,2.0.0,0x03a1cd0476a710810f5c0bf40f6468bf72065e79,https://etherscan.io/token/0x03a1cd0476a710810f5c0bf40f6468bf72065e79,0x20b0daD4d4a3b12d515bEEb90c096A16Fae33B93,1.00E+18,"260,000,000",FALSE,FALSE,0x0000000000000000000000000000000000000000,1,0,0,1,0,0,0
37,RGTST,Retail.Global ST,,2.0.0,0xa0fbe094d9dfee63ba897397bd1288f51a265d1b,https://etherscan.io/token/0xa0fbe094d9dfee63ba897397bd1288f51a265d1b,0xA32E2d4AE94615B49B270c9E102f94a3D26157Fe,1.00E+18,0,FALSE,FALSE,0x0000000000000000000000000000000000000000,0,0,0,1,0,0,0
38,BLANK,Blanklee,,2.0.0,0x3720a9aea826bd16b4148d1c57f2ef65e19d65f1,https://etherscan.io/token/0x3720a9aea826bd16b4148d1c57f2ef65e19d65f1,0xf15D7500FD1Efb28111dbb9a2CeC1831911Edeea,1.00E+18,0,FALSE,FALSE,0x0000000000000000000000000000000000000000,0,0,0,1,0,0,0
39,PERRY-A,perry-a,,2.0.0,0x687215e8a4ad864b2d4cc2097bceef82e3cdbc8f,https://etherscan.io/token/0x687215e8a4ad864b2d4cc2097bceef82e3cdbc8f,0x869bdDe33E9737f569f1B66a4840c8aF4281cc0C,1,0,FALSE,FALSE,0x0000000000000000000000000000000000000000,0,0,0,1,0,0,0
40,DBX-A,Communal Crypto-Investment Fund - A,https://docs.google.com/presentation/d/1AbJSvFvu-FFhBcro3FuFIeFT9QoLUmnXNMwLEpGIs80/edit?usp=sharing,2.0.0,0x916c94557efe51452ec2d59b14e09dee301b9f62,https://etherscan.io/token/0x916c94557efe51452ec2d59b14e09dee301b9f62,0x36e35A4913F964284674b1E48c597E92545cA7ab,1,0,FALSE,FALSE,0x0000000000000000000000000000000000000000,0,0,0,1,0,0,0
41,RISEPIC-A,Risepic,,2.0.0,0x27305874d87ef2dd3cde3750dd55b882a2c22b92,https://etherscan.io/token/0x27305874d87ef2dd3cde3750dd55b882a2c22b92,0xeC615449e4F38647F4B04425503fEfF069Bee571,1.00E+18,0,FALSE,FALSE,0x0000000000000000000000000000000000000000,0,0,0,1,0,0,0
42,VEGAN,VEGAN,,2.0.0,0x20b8302e6fa0abe046873de13621864a0369fc80,https://etherscan.io/token/0x20b8302e6fa0abe046873de13621864a0369fc80,0x44F97283227fDFf79c48658A9435e7a13019037f,1,0,FALSE,FALSE,0x0000000000000000000000000000000000000000,0,0,0,1,0,0,0
43,KIZGLOBAL,KIZUNA GLOBAL TOKEN,,2.0.0,0x1c66252a18f6bcb42c497799a734df83637e0e49,https://etherscan.io/token/0x1c66252a18f6bcb42c497799a734df83637e0e49,0x32296c3b8653a5f00C08216dCAd03882A8BE768E,1,0,FALSE,FALSE,0x0000000000000000000000000000000000000000,0,0,0,1,0,0,0
44,SEPAT,SEPA Token,https://www.asepas.com/STO/,2.0.0,0x523662a19de758e13589bb01c85736a26bb73bd1,https://etherscan.io/token/0x523662a19de758e13589bb01c85736a26bb73bd1,0xF7Fa305e3609f1a94Ee025c86aF51D9F2b2648E4,1,0,FALSE,FALSE,0x0000000000000000000000000000000000000000,0,0,0,1,0,0,0
45,MJKJ,YLB,,2.0.0,0xde42136a72bd747fe8f81b7745d351dd6036a3fe,https://etherscan.io/token/0xde42136a72bd747fe8f81b7745d351dd6036a3fe,0xADC283F41BC4B9bD698827e8c85dF80B5fbb76cF,1,0,FALSE,FALSE,0x0000000000000000000000000000000000000000,0,0,0,1,0,0,0
46,TCX,ThoreCashX,https://www.thorecash.com/,2.0.0,0xdde7f52d7ef6753c73a8f8bc62b6d16e94d8fb91,https://etherscan.io/token/0xdde7f52d7ef6753c73a8f8bc62b6d16e94d8fb91,0x1e3ae713abc1370886D35ec2b725C66f7DE3651D,1,0,FALSE,FALSE,0x0000000000000000000000000000000000000000,0,0,0,1,0,0,0
47,MINDS,Roswell,https://roswellminds.com,2.0.0,0x7310d00023109032c7958c0d78f9432c31cab5f2,https://etherscan.io/token/0x7310d00023109032c7958c0d78f9432c31cab5f2,0x364C6e2f26f9f692af927a4c1D76E07975d5FDAC,1.00E+18,"3,000,000",FALSE,FALSE,0x0000000000000000000000000000000000000000,2,0,0,1,0,0,0
48,OX,Ox token,,2.0.0,0x17099226dfb3acba3817d1408755e2aefbdb45ea,https://etherscan.io/token/0x17099226dfb3acba3817d1408755e2aefbdb45ea,0xAc4BA9E98E97294C7D3E3e2d19C7a936e187B1BF,1,"1,500",FALSE,FALSE,0x0000000000000000000000000000000000000000,2,0,0,1,1,0,0
49,ANGUS,Angus Token,,2.0.0,0x0b5b98b07f7967e458339f8b42c8ad0ee099b5c9,https://etherscan.io/token/0x0b5b98b07f7967e458339f8b42c8ad0ee099b5c9,0x7A218b4687Cc8a30905132a5cB6e9dF84D8914f3,1,120,FALSE,FALSE,0x0000000000000000000000000000000000000000,1,0,0,1,1,0,0
50,KOBE,Kobe Token,https://www.thekobebeef.io,2.0.0,0xc03e71af4c4e5b8cfa7b38270efb55f5027ad075,https://etherscan.io/token/0xc03e71af4c4e5b8cfa7b38270efb55f5027ad075,0x7A218b4687Cc8a30905132a5cB6e9dF84D8914f3,1.00E+18,0,FALSE,FALSE,0x0000000000000000000000000000000000000000,0,0,0,3,0,0,0
51,JD-1113-00,Mint test token,,2.0.0,0x083bcb6fa4199fb26728c0f51236532141e00c75,https://etherscan.io/token/0x083bcb6fa4199fb26728c0f51236532141e00c75,0xf55bcAA8a8AcF4aBA2edF74A50509358B96155b0,1,"768,900",FALSE,FALSE,0x0000000000000000000000000000000000000000,4,0,0,1,0,0,0
52,CAMMAZOL,Le Token des Cammazols,,2.0.0,0x28f02eff31e057c09af893ff1e9d44d36a76fb82,https://etherscan.io/token/0x28f02eff31e057c09af893ff1e9d44d36a76fb82,0x7b15A272bf8B30321420106C528821dF5E6E8750,1,"9,992,590",TRUE,FALSE,0xfa6Ce6DF6B032c5fB2815eeC1401341323fB07Eb,10,1,1,1,0,1,0
53,BRANGUS,Brangus token,,2.0.0,0xa26247958a7fde72f5b1d8e97c94b9b9f79a0eef,https://etherscan.io/token/0xa26247958a7fde72f5b1d8e97c94b9b9f79a0eef,0x7A218b4687Cc8a30905132a5cB6e9dF84D8914f3,1,0,FALSE,FALSE,0x0000000000000000000000000000000000000000,0,0,0,1,0,1,0
54,RIN,Riven token,,2.0.0,0xb2ffb80c0ffe350e6ffcbff196975c382fbfe3c2,https://etherscan.io/token/0xb2ffb80c0ffe350e6ffcbff196975c382fbfe3c2,0xB1a2827857ba058B09d3BFf36F3fA55c8e73f94b,1,0,FALSE,FALSE,0x0000000000000000000000000000000000000000,0,0,0,1,0,0,0
55,NEST,Nordic Energy Security Token,https://www.nordicenergy.co,2.0.0,0x27531732d072b796cf002a0c57b19df60788170f,https://etherscan.io/token/0x27531732d072b796cf002a0c57b19df60788170f,0x61733B01Ac9F316700604c0CD8B5FAa50c0c08a7,1,0,FALSE,FALSE,0x0000000000000000000000000000000000000000,0,0,0,1,0,0,0
56,RMT,renmintoken,,2.0.0,0x8ac6f49fc95b9dbd195f57737560e3144ec0f8f8,https://etherscan.io/token/0x8ac6f49fc95b9dbd195f57737560e3144ec0f8f8,0xD52d25C8B6e3704AAb3D8bE8e1A33a5da070C2a9,1,"40,000",FALSE,FALSE,0x0000000000000000000000000000000000000000,4,0,0,1,0,0,0
57,XHOR,ThorX Project,,2.0.0,0x312da12c455db69e862cf58f4a7141e0cf5714cb,https://etherscan.io/token/0x312da12c455db69e862cf58f4a7141e0cf5714cb,0x747577EaEd962446b0882a7ACaFB8B02A4805883,1.00E+18,0,FALSE,FALSE,0x0000000000000000000000000000000000000000,0,0,0,1,0,0,0
58,CTEST,CTEST TOKEN,,2.0.0,0x1326df76bb578a8426f0560c896651037e4ce1f2,https://etherscan.io/token/0x1326df76bb578a8426f0560c896651037e4ce1f2,0xDd5b50928e98d5Ff2184063706581466F1123c3a,1,"258,300",FALSE,FALSE,0x0000000000000000000000000000000000000000,5,0,0,1,0,0,0
59,BEEFALO,Beefalo Token,,2.0.0,0xcf5b6b12a97dc4111663eea9d66e552812943b88,https://etherscan.io/token/0xcf5b6b12a97dc4111663eea9d66e552812943b88,0x7A218b4687Cc8a30905132a5cB6e9dF84D8914f3,1,"66,855",FALSE,FALSE,0x0000000000000000000000000000000000000000,1,0,0,1,1,0,0
60,BUY,buying.com,https://www.buying.com/faqs,2.0.0,0x0d7f0fa3a79bfedbab291da357958596c74e27d7,https://etherscan.io/token/0x0d7f0fa3a79bfedbab291da357958596c74e27d7,0xF3fA60cD31e6e7667D623Bc80e9C45c5CA0b4F84,1,"50,000,000",FALSE,FALSE,0xF3fA60cD31e6e7667D623Bc80e9C45c5CA0b4F84,31,0,0,1,0,0,0
61,KIZGT,KIZUNA GLOBAL TOKEN,,2.0.0,0xed9b63d184a36150f2ea1293ab7fd05877a7009d,https://etherscan.io/token/0xed9b63d184a36150f2ea1293ab7fd05877a7009d,0x8A1d0a7c9682019C204bF08C0Ecc75C13675be58,1,"150,000,000",FALSE,FALSE,0x0000000000000000000000000000000000000000,2,0,0,1,0,0,0
62,JTSN,Jetson,,2.0.0,0x7c22661be85d2201636e55d6a230efa79b6198bc,https://etherscan.io/token/0x7c22661be85d2201636e55d6a230efa79b6198bc,0xd730f31d169aaabd069F372716d8a009cff1204F,1.00E+18,0,FALSE,FALSE,0x0000000000000000000000000000000000000000,0,0,0,1,0,0,0
63,NOTE,NOTE,,2.0.0,0x9d07a09d7a41d3f731091ff69719b1b2e608c421,https://etherscan.io/token/0x9d07a09d7a41d3f731091ff69719b1b2e608c421,0x06E8ef33C5EB6229E7AF8e992E3Bf164d4406d48,1.00E+18,"20,000,000",FALSE,FALSE,0x0000000000000000000000000000000000000000,2,0,0,1,0,0,0
64,AW,AW Coin,,2.0.0,0xe678b4fedb6e677863c5a30f1b00dbc86ae92da4,https://etherscan.io/token/0xe678b4fedb6e677863c5a30f1b00dbc86ae92da4,0x54e93851429a49D847E3F9f395890d1aC7286eb4,1.00E+18,"40,000,000,000",FALSE,FALSE,0x0000000000000000000000000000000000000000,49,0,0,1,1,0,0
65,SWRD,Sword Token,,2.0.0,0xa66f485b542bfd4df04d51565492605fbaac01b0,https://etherscan.io/token/0xa66f485b542bfd4df04d51565492605fbaac01b0,0x3CB2110e01F5c1d7fd29017a77eeBF0a373B6e65,1,"100,000,000",FALSE,FALSE,0x0000000000000000000000000000000000000000,1,0,0,1,0,0,0
66,B1X,BUILDCash,,2.0.0,0xb2f16515c9e7abb1ed46c717eda6c855494cfc5f,https://etherscan.io/token/0xb2f16515c9e7abb1ed46c717eda6c855494cfc5f,0x6E5aa7f98Edd494c4991cC19Ffb31821C7591BE9,1.00E+18,0,FALSE,FALSE,0x0000000000000000000000000000000000000000,0,0,0,1,0,0,0
67,NUCOIN,NUCOIN,https://crypto.farm,2.0.0,0xb72cf29cf23a477f50d3c4f93a7e56df3058386e,https://etherscan.io/token/0xb72cf29cf23a477f50d3c4f93a7e56df3058386e,0x485F34Acbe57612d67EC52c4d7eD68F40BAd55A6,1,0,FALSE,FALSE,0x0000000000000000000000000000000000000000,0,0,0,1,0,0,0
68,QRY,Quarry Token,,2.0.0,0x7196114117c14c398258ad536480d0f40a8969e0,https://etherscan.io/token/0x7196114117c14c398258ad536480d0f40a8969e0,0xC4aad2De7a1657B085032c09eBB895FEF00B02E3,1,0,FALSE,FALSE,0x0000000000000000000000000000000000000000,0,0,0,1,0,0,0
69,MBTX,MinedBlock Token,https://www.minedblock.io,2.0.0,0x20c187414fa2e2212aad227223fe323499ed70ff,https://etherscan.io/token/0x20c187414fa2e2212aad227223fe323499ed70ff,0xAa4067569c0d9039C470CccC9415f5F0781E1bfA,1,"5,401,125",FALSE,FALSE,0x0000000000000000000000000000000000000000,133,0,0,1,1,0,0
70,MHST,Minthealth Security Token,,2.0.0,0xa7c802c6eb806365d815873daf328969a2fe7984,https://etherscan.io/token/0xa7c802c6eb806365d815873daf328969a2fe7984,0x3Bb4110E3487AE4dAfc828D4fBfe1316d14A54A1,1.00E+18,0,FALSE,FALSE,0x0000000000000000000000000000000000000000,0,0,0,1,0,0,0
71,OVIS,OVIS Token,,2.0.0,0x8f276d5a98ccdf76154f56493a8ee79ca8bc7a91,https://etherscan.io/token/0x8f276d5a98ccdf76154f56493a8ee79ca8bc7a91,0x04FBfd2240C7BCa738c07Db5E0F58e71376Db82B,1,0,FALSE,FALSE,0x0000000000000000000000000000000000000000,0,0,0,1,0,0,0
72,NEW,NUCOIN,https://nuclear.crypto.farm,2.0.0,0xe9fd84b6a1ff3ec02ca78a4cfbca8048693516e7,https://etherscan.io/token/0xe9fd84b6a1ff3ec02ca78a4cfbca8048693516e7,0x485F34Acbe57612d67EC52c4d7eD68F40BAd55A6,1,0,FALSE,FALSE,0x0000000000000000000000000000000000000000,0,0,0,1,0,0,0
73,KGT,KIZUNA GLOBAL TOKEN,,2.0.0,0xf3e0b9368993640287eeed970945fdf57da53ed1,https://etherscan.io/token/0xf3e0b9368993640287eeed970945fdf57da53ed1,0x8A1d0a7c9682019C204bF08C0Ecc75C13675be58,1,"150,000,000",FALSE,FALSE,0x0000000000000000000000000000000000000000,286,0,0,1,0,0,0
74,TRBN,Tribute Contracting Token,,2.0.0,0xa174a90cd6112f261187498dea56024c47397c7e,https://etherscan.io/token/0xa174a90cd6112f261187498dea56024c47397c7e,0xc50FeCbA14563275a0318F41FC22e8E30B6b851a,1,0,FALSE,FALSE,0x0000000000000000000000000000000000000000,0,0,0,1,0,0,0
75,XS,GLX Class B Equity Tokens,https://drive.google.com/drive/folders/1THgliuMt61FLJJSdX7ia46DRZri30jtt?usp=sharing,2.0.0,0x3bd5216d0c9ec5d8617e9cba8384cf9efd1bf35a,https://etherscan.io/token/0x3bd5216d0c9ec5d8617e9cba8384cf9efd1bf35a,0xC6860754aC59C9EC82B2dB3147862d59685f164f,1.00E+18,"100,000,000",FALSE,FALSE,0x0000000000000000000000000000000000000000,2,0,0,1,0,0,0
76,XA,GLX Class A Equity Tokens,https://drive.google.com/drive/folders/1in_1o0Xkieb1SN8dhnevOxadGw9gN-jl?usp=sharing,2.0.0,0x06b3ef69de6e4669782db564d7e013f301e199c0,https://etherscan.io/token/0x06b3ef69de6e4669782db564d7e013f301e199c0,0xC6860754aC59C9EC82B2dB3147862d59685f164f,1.00E+18,"50,000,000",FALSE,FALSE,0x0000000000000000000000000000000000000000,2,0,0,1,0,0,0
77,WNDR,Wndr Power,https://wndr.how/,2.0.0,0xcda1b8368e861bea7a751d079c4b34e6c009e830,https://etherscan.io/token/0xcda1b8368e861bea7a751d079c4b34e6c009e830,0x2D1A3b6537b219dbD0914E30308d129B71aF678B,1,0,FALSE,FALSE,0x0000000000000000000000000000000000000000,0,0,0,1,0,0,0
78,IDGT,Indigen ST,https://indigen.foundation,2.0.0,0x9021c637dd1190a152bea0a13fc7c128a7563825,https://etherscan.io/token/0x9021c637dd1190a152bea0a13fc7c128a7563825,0x1bFF34390c6a39E7AB171a46A3682dfe4F8a1ac7,1,"10,000,000",FALSE,FALSE,0x0000000000000000000000000000000000000000,2,0,0,1,0,0,0
79,BNYX,Bitcoin New York Exchange,,2.0.0,0xde1580c38cfb1cb7f2827be930949938f40a78c7,https://etherscan.io/token/0xde1580c38cfb1cb7f2827be930949938f40a78c7,0xa5717282D3b4dACcC800af679A1b389A6aD000fa,1,"5,000,100",FALSE,FALSE,0x0000000000000000000000000000000000000000,3,1,1,1,1,1,0
80,TIANA,Tiana,https://www.tianalaurence.com,2.0.0,0xd76b62a71dff9aa342c35eb7bd0ac12efe47af6b,https://etherscan.io/token/0xd76b62a71dff9aa342c35eb7bd0ac12efe47af6b,0xD823eC40f0D27dCc0F17cf056F893Ccec7b84e28,1,0,FALSE,FALSE,0x0000000000000000000000000000000000000000,0,0,0,1,0,0,0
81,DCAP,DIGITAL CAPITAL INDONESIA,http://www.digitalcap.online,2.0.0,0xeae42a928108fbc205a10e1af313b59f3fab982c,https://etherscan.io/token/0xeae42a928108fbc205a10e1af313b59f3fab982c,0x72E9673C56f98846A1E8027497D63dc9FA04a85C,1,0,FALSE,FALSE,0x0000000000000000000000000000000000000000,0,0,0,1,0,0,0
82,INR,Insure Network,https://www.insurenetwork.io/,2.0.0,0x0c8680135446be0b34de4eee4ca1e4ae77d858a7,https://etherscan.io/token/0x0c8680135446be0b34de4eee4ca1e4ae77d858a7,0x3491445AB0DD961219eC776371ED55f0dcd73a67,1.00E+18,"500,070,009",FALSE,FALSE,0x0000000000000000000000000000000000000000,440,0,0,1,0,1,0
83,VPNSTK,VPNstack,https://www.vpnstack.io/investor,2.0.0,0xf05b1660b470f4612efea5c760693ca82eacee3e,https://etherscan.io/token/0xf05b1660b470f4612efea5c760693ca82eacee3e,0x88cfD220D5f72bd747C340053011EF3f9E559Cac,1.00E+18,0,TRUE,FALSE,0x88cfD220D5f72bd747C340053011EF3f9E559Cac,0,0,0,1,0,0,0
84,ROBOT,RobotInfra,https://www.robotinfra.com/investor,2.0.0,0xdd9e590967b2ca30aaf71c016afe168e95fec3eb,https://etherscan.io/token/0xdd9e590967b2ca30aaf71c016afe168e95fec3eb,0xBB1BCd6B6735888cBfb5cadeB6A241B75a691734,1.00E+18,0,TRUE,FALSE,0xBB1BCd6B6735888cBfb5cadeB6A241B75a691734,0,0,0,1,0,0,0
85,MINERAL,MineralCoin,https://www.dropbox.com/sh/zjkw0wlj43pfd6n/AADViXRJoVI4z_gxY0_EHqfJa?dl=0,2.0.0,0x569bcf6d069638cd3aed968b3f883eec6195f160,https://etherscan.io/token/0x569bcf6d069638cd3aed968b3f883eec6195f160,0xa71b861416F8bF23faAa0110f0350477F6aAD9c9,1,"105,710,000",FALSE,FALSE,0x0000000000000000000000000000000000000000,44,0,0,2,0,0,0
86,PAL,TradingPal,http://www.tradingpal.com,2.0.0,0xc01d80ad69434fa2e653ac8f1778da20d89ed64e,https://etherscan.io/token/0xc01d80ad69434fa2e653ac8f1778da20d89ed64e,0x218b79d2AE8bD6fCf155FC51757e829c453f6ea1,1.00E+18,0,FALSE,FALSE,0x0000000000000000000000000000000000000000,0,0,0,1,0,0,0
87,CHRIS,Chris Token,,2.0.0,0xb27600ff30d8010fc57ad6a65c139309d1419a0f,https://etherscan.io/token/0xb27600ff30d8010fc57ad6a65c139309d1419a0f,0x1E149B41A8815d0E6c28cd0d5fc61f8eA81F9454,1,0,FALSE,FALSE,0x0000000000000000000000000000000000000000,0,0,0,1,0,0,0
88,RSF,Royal Sting(RSF) - Shares,https://royalsting.com/#tokens,2.0.0,0xf997178d24888a379654535101f38534004700c6,https://etherscan.io/token/0xf997178d24888a379654535101f38534004700c6,0x5ccA2d7c47CAAcf4b4EcD658c20494189EF3a3ED,1,0,FALSE,FALSE,0x0000000000000000000000000000000000000000,0,0,0,1,0,0,0
89,ASLT,ASLine Token,http://aslineltd.com/sto/index.html,2.0.0,0x4d65ea5f9ba5c1472ee2e6985c78c2ca82eb76f6,https://etherscan.io/token/0x4d65ea5f9ba5c1472ee2e6985c78c2ca82eb76f6,0x75DaF3d61bd77438414c5583F4af68245b1C4Db9,1.00E+18,"1,000",FALSE,FALSE,0x0000000000000000000000000000000000000000,2,0,0,1,0,0,0
90,JOYA1,Joya - Mexico Solar Portfolio,https://drive.google.com/drive/folders/1nBm5J2QqS8Ylanu6eu-kC9EpvzKAStBR,2.0.0,0x34a094bfe17b13d646dc2d73659ef476037395d0,https://etherscan.io/token/0x34a094bfe17b13d646dc2d73659ef476037395d0,0xeA530367E9f37458ab780fBD6704cF217E7014dC,1,"1,000,000",FALSE,FALSE,0x0000000000000000000000000000000000000000,6,1,0,1,0,2,0
91,EMI,Elite Mining Token,,2.0.0,0x13c85756a1327316f3bf6f3fdb13410bfd1e2bcd,https://etherscan.io/token/0x13c85756a1327316f3bf6f3fdb13410bfd1e2bcd,0x2E50a6b2028F0eF95B99444c6602Bb5DBBa9c071,1,0,FALSE,FALSE,0x0000000000000000000000000000000000000000,0,0,0,1,0,0,0
92,BOB-S,BOB-S Token,https://bobsrepair.com/tokensale/,2.0.0,0x43fe78b8dc630c13d234285a60e377cdaaa2e8b9,https://etherscan.io/token/0x43fe78b8dc630c13d234285a60e377cdaaa2e8b9,0xa26D9A7898a9d08BAe5d42694CFe737EC1335d7C,1,0,FALSE,FALSE,0x0000000000000000000000000000000000000000,0,0,0,1,0,0,0
93,AFK,AFK Collection,https://www.afkcollection.com/investor,2.0.0,0x5f5ed0dc43f1c541a1a5694431376cbafbac76be,https://etherscan.io/token/0x5f5ed0dc43f1c541a1a5694431376cbafbac76be,0xA226Ca33fD5F7875C9Ac9630367810AA5A7e26C3,1.00E+18,0,TRUE,FALSE,0xA226Ca33fD5F7875C9Ac9630367810AA5A7e26C3,0,0,0,1,0,0,0
94,PI,Pivent,https://pivent.com/invest,2.0.0,0xb162dcc0cf90d1893d59eeb0337ffc9ef2e8c25e,https://etherscan.io/token/0xb162dcc0cf90d1893d59eeb0337ffc9ef2e8c25e,0xC7116AC565Fd7CC0BcE48685D33924F55C9BD6Ac,1.00E+18,"500,000,000",FALSE,FALSE,0x0000000000000000000000000000000000000000,2,0,0,1,0,1,0
95,XX,GLX.com Common Equity Tokens - Reg S,https://drive.google.com/drive/folders/1tOs7wz10TkzIp1XX9ZU08phja4sbKAq8?usp=sharing,2.0.0,0x9a8b83bc3315fee8f3a1482642a3c52143af0fa2,https://etherscan.io/token/0x9a8b83bc3315fee8f3a1482642a3c52143af0fa2,0xC6860754aC59C9EC82B2dB3147862d59685f164f,1,"1,001,050",FALSE,FALSE,0x0000000000000000000000000000000000000000,2,0,0,1,1,0,0
96,FLETCH,fletch,http://task.cat,2.0.0,0xad675b7bddd79ced4266f9666c356cd04a662eff,https://etherscan.io/token/0xad675b7bddd79ced4266f9666c356cd04a662eff,0x25e32Db149DC1c00F6948bA479C3482A68bb5DeF,1.00E+18,0,FALSE,FALSE,0x0000000000000000000000000000000000000000,0,0,0,1,0,0,0
97,MOBITOKEN,MOBITOKEN,,2.0.0,0xb3f1022baa68531303fe09857bcdeed31c7a70b7,https://etherscan.io/token/0xb3f1022baa68531303fe09857bcdeed31c7a70b7,0xFf56B47A8214a9360b7b907Cc0F1b64077231968,1,0,FALSE,FALSE,0x0000000000000000000000000000000000000000,0,0,0,1,0,0,0
98,NU,NuCoin Enterprises,https://nucoin.ca,2.0.0,0xd143dfa75fc98cc4be1f165208768d3fd417874f,https://etherscan.io/token/0xd143dfa75fc98cc4be1f165208768d3fd417874f,0x485F34Acbe57612d67EC52c4d7eD68F40BAd55A6,1.00E+18,0,FALSE,FALSE,0x0000000000000000000000000000000000000000,0,0,0,2,0,0,0
99,FARM,crypto.farm corp token,https://crypto.farm,2.0.0,0x43bacbba52e24fc1380a5a8a6cf31d5c7cdb40ab,https://etherscan.io/token/0x43bacbba52e24fc1380a5a8a6cf31d5c7cdb40ab,0x485F34Acbe57612d67EC52c4d7eD68F40BAd55A6,1,0,FALSE,FALSE,0x0000000000000000000000000000000000000000,0,0,0,1,0,0,0
100,ABODS,ABODS.TECH,https://abods.tech,2.0.0,0x25c0147420b79df4daaee9fbfaf27b003c84782f,https://etherscan.io/token/0x25c0147420b79df4daaee9fbfaf27b003c84782f,0x485F34Acbe57612d67EC52c4d7eD68F40BAd55A6,1,0,FALSE,FALSE,0x0000000000000000000000000000000000000000,0,0,0,1,0,0,0
101,ABODS-A,ABODS.TECH-A(EQUITY),https://abods.tech,2.0.0,0x2e99942e845bdbcf36d78ef7b861c4081c1b9cd0,https://etherscan.io/token/0x2e99942e845bdbcf36d78ef7b861c4081c1b9cd0,0x485F34Acbe57612d67EC52c4d7eD68F40BAd55A6,1.00E+18,0,FALSE,FALSE,0x0000000000000000000000000000000000000000,0,0,0,2,0,0,0
102,ABODS-D,ABODS.TECH-D(PARTY),https://abods.tech,2.0.0,0x05c7ddb6b3ea23b9b4abb028340896bf06fb28f9,https://etherscan.io/token/0x05c7ddb6b3ea23b9b4abb028340896bf06fb28f9,0x485F34Acbe57612d67EC52c4d7eD68F40BAd55A6,1.00E+18,0,FALSE,FALSE,0x0000000000000000000000000000000000000000,0,0,0,1,0,0,0
103,CF,crypto.farm rare-earth-metal-st-20,https://crypto.farm,2.0.0,0xaef60ec48acaf1fe88270d82d6d34c2e94722654,https://etherscan.io/token/0xaef60ec48acaf1fe88270d82d6d34c2e94722654,0x485F34Acbe57612d67EC52c4d7eD68F40BAd55A6,1.00E+18,0,FALSE,FALSE,0x0000000000000000000000000000000000000000,0,0,0,1,0,0,0
104,X4C,X4Chain,https://www.x4chain.com/,2.0.0,0x7d349bca5e8ffc890ca2ca9f5721ec3ce649bf01,https://etherscan.io/token/0x7d349bca5e8ffc890ca2ca9f5721ec3ce649bf01,0x6Ef9Ce3Fb829bd19cF57362aef81b565cDbdfEFC,1.00E+18,"6,500,000",FALSE,FALSE,0x0000000000000000000000000000000000000000,5,0,0,1,0,0,0
105,FCK,FCK Token,,2.0.0,0xd49d102b728f14909de0cc45318bdaf2c2d17598,https://etherscan.io/token/0xd49d102b728f14909de0cc45318bdaf2c2d17598,0xe262BE0ae2d0be7B874bCf1F141C3D7a6daEc221,1,0,FALSE,FALSE,0x0000000000000000000000000000000000000000,0,0,0,1,0,0,0
106,RBS,Rewards Blockchain Solutions,https://www.rewardstoken.io,2.0.0,0x65e459db88c86f4d3549c0ace3234876ba07dfc4,https://etherscan.io/token/0x65e459db88c86f4d3549c0ace3234876ba07dfc4,0x4150f4b550322A18ec56E65AdF59bB36919C3766,1,0,FALSE,FALSE,0x0000000000000000000000000000000000000000,0,0,0,1,0,0,0
107,ZRS,Zoreum Shares,,2.0.0,0x4421646041345deda8d7934bad34f9b611f956c9,https://etherscan.io/token/0x4421646041345deda8d7934bad34f9b611f956c9,0x081ff53F738BaCaEC8f66DD8b353Ba646De4030A,1,"850,000,000",FALSE,FALSE,0x0000000000000000000000000000000000000000,11,0,0,1,0,0,0
108,HMV-V,HMV Poplar,http://highmountain.ventures,2.0.0,0xe7cae7813dd6e0b358b233d2296da5183ad67933,https://etherscan.io/token/0xe7cae7813dd6e0b358b233d2296da5183ad67933,0x94CE54B10c311f04C1E036A63B11219D95882f6C,1,0,FALSE,FALSE,0x0000000000000000000000000000000000000000,0,0,0,1,0,0,0
109,SNTX,SecuNet,https://www.secunet.io/investor,2.0.0,0xcf2810a291b740b3a11a70b27876909178d70fd9,https://etherscan.io/token/0xcf2810a291b740b3a11a70b27876909178d70fd9,0x3931001FeEFC7232DD68B8F97e5e43428374295E,1.00E+18,0,TRUE,FALSE,0x3931001FeEFC7232DD68B8F97e5e43428374295E,0,0,0,1,0,0,0
110,DSTS,Digital Securities Trust Services,https://www.dsts.io/investor,2.0.0,0x5155a0722a45905dacf49598a02eff3777340acd,https://etherscan.io/token/0x5155a0722a45905dacf49598a02eff3777340acd,0x2CF67BfF2E7B98Df259a5F27c10B805D415400A6,1.00E+18,0,TRUE,FALSE,0xf141Ef7dd3Cde8924a89C35Bc1bCcDd525E4Ba48,0,0,0,1,0,0,0
111,DSX,DSX,https://www.dsx.global/investor,2.0.0,0xe96cf22896a8624d31e4c32816e49fc187b42ef9,https://etherscan.io/token/0xe96cf22896a8624d31e4c32816e49fc187b42ef9,0x38af0e0e0623fC999762152F5747F3b854aa4De2,1.00E+18,0,TRUE,FALSE,0x38af0e0e0623fC999762152F5747F3b854aa4De2,0,0,0,1,0,0,0
112,HMV-P,High Mountain Ventures LLC Poplar,http://highmountain.ventures,2.0.0,0x0b0effb9c57a6bbbe6cc7db8c8ac5109199f4f86,https://etherscan.io/token/0x0b0effb9c57a6bbbe6cc7db8c8ac5109199f4f86,0x94CE54B10c311f04C1E036A63B11219D95882f6C,1,0,FALSE,FALSE,0x0000000000000000000000000000000000000000,0,0,0,2,0,0,0
113,PHK,Peter Kroll,,2.0.0,0x6b8f63d663aa02e40070b716d0ff37304193e0d5,https://etherscan.io/token/0x6b8f63d663aa02e40070b716d0ff37304193e0d5,0x13eb437298AAFcF2618d9960eaD7Ea540b332126,1,"100,000",FALSE,FALSE,0x0000000000000000000000000000000000000000,1,0,0,1,0,0,0
114,FLOT,Flo Token A01,http://www.flotoken.io,2.0.0,0x06b006987a946e943d9559973d02c0ddf821fd75,https://etherscan.io/token/0x06b006987a946e943d9559973d02c0ddf821fd75,0x565D1997bA9fC33Eb9832caa377bd1C9A21Cf756,1,0,FALSE,FALSE,0x0000000000000000000000000000000000000000,0,0,0,1,0,0,0
115,CXGLD,Canamex Gold,https://www.canamexgold.com/investor,2.0.0,0x271791e381ab7e99981e9eb261a1f340f9be2af7,https://etherscan.io/token/0x271791e381ab7e99981e9eb261a1f340f9be2af7,0xf141Ef7dd3Cde8924a89C35Bc1bCcDd525E4Ba48,1,0,TRUE,FALSE,0xf141Ef7dd3Cde8924a89C35Bc1bCcDd525E4Ba48,0,0,0,1,0,0,0
116,CXSLV,Canamex Silver,https://www.canamexgold.com/investor,2.0.0,0xde14b266ed4280ed320ca022bcfcc15df7a05d95,https://etherscan.io/token/0xde14b266ed4280ed320ca022bcfcc15df7a05d95,0xf141Ef7dd3Cde8924a89C35Bc1bCcDd525E4Ba48,1,0,TRUE,FALSE,0xf141Ef7dd3Cde8924a89C35Bc1bCcDd525E4Ba48,0,0,0,1,0,0,0
117,OSQO,OSQOIN,https://www.osqo.org/osqoin.html,2.0.0,0x0fbbcdb17f227df889cc4f22d8289a5b48947f0e,https://etherscan.io/token/0x0fbbcdb17f227df889cc4f22d8289a5b48947f0e,0x16FCFC44a3d5681EE75ee34085791e59EF389B95,1,"109,900,017",FALSE,FALSE,0x0000000000000000000000000000000000000000,27,0,0,1,0,0,0
118,BIU,Blockchain International University,,2.0.0,0x80f9d8b5e177accea4435153ce270cfc48bd1bc3,https://etherscan.io/token/0x80f9d8b5e177accea4435153ce270cfc48bd1bc3,0x1E5Fce768dbB73e79d66e315d46669d49cB34bfd,1.00E+18,0,FALSE,FALSE,0x0000000000000000000000000000000000000000,0,0,0,2,0,0,0
119,PRIVKEY,PrivKey Token,,2.0.0,0x9c7af548fd2d825e5f201a40624ba289b484f5c2,https://etherscan.io/token/0x9c7af548fd2d825e5f201a40624ba289b484f5c2,0x87Df884d84cfefe7B12c579e86b16E819F8e6aBD,1.00E+18,0,FALSE,FALSE,0x0000000000000000000000000000000000000000,0,0,0,1,0,0,0
120,CET,Cubicverse Equity Token,,2.0.0,0x92b43095f7e92a6576f1245f353667b12d9a9e81,https://etherscan.io/token/0x92b43095f7e92a6576f1245f353667b12d9a9e81,0x49d323ee43128F7e90f40c8a0eCAe69dE37Db18e,1.00E+18,0,FALSE,FALSE,0x0000000000000000000000000000000000000000,0,0,0,1,0,0,0
121,ZONTLE,Cenzontle Technologies,,2.0.0,0xca629726f8fb2d5385db842984a108c9840d7bc6,https://etherscan.io/token/0xca629726f8fb2d5385db842984a108c9840d7bc6,0x6442c72aBD1a9d14c303277a8C994Fae295b6BCB,1.00E+18,0,FALSE,FALSE,0x0000000000000000000000000000000000000000,0,0,0,1,0,1,0
122,SANA,SANA Token,https://bit.ly/2K1a24d,2.0.0,0x802690096566d2bd4bb2c2c574bcbc3da5e5868d,https://etherscan.io/token/0x802690096566d2bd4bb2c2c574bcbc3da5e5868d,0xCE4E64e7DAB574f970631aBc8E46EaF9A64F8Fc6,1,"66,616,439",FALSE,FALSE,0x0000000000000000000000000000000000000000,94,0,0,1,0,0,0
123,GMI,GM Informatics,,2.0.0,0x1d0351358097e579b30ae13ce1f52f8828390cb1,https://etherscan.io/token/0x1d0351358097e579b30ae13ce1f52f8828390cb1,0x9052Bac61Df74d842331B8513DEd60Db5aD4EB99,1.00E+18,"8,000,000",FALSE,FALSE,0x0000000000000000000000000000000000000000,1,0,0,1,0,0,0
124,USDL,USD Loans Token,,2.0.0,0x6163f15da69f3d576cf463729cacf27b2b102588,https://etherscan.io/token/0x6163f15da69f3d576cf463729cacf27b2b102588,0x470D0fF74A659f84F4167AC0A5adB8b34e612F2B,1,0,TRUE,FALSE,0x0000000000000000000000000000000000000000,0,0,0,1,0,0,0
125,BBE,BlueBird Experience,,2.0.0,0x3b334d7b9526a6d0141d0b19d93408cae06e39fa,https://etherscan.io/token/0x3b334d7b9526a6d0141d0b19d93408cae06e39fa,0x41c3331e2c970C1c8b2adA9397aBC59FD1Ab099e,1,0,FALSE,FALSE,0x0000000000000000000000000000000000000000,0,0,0,1,0,0,0
126,RBTET,ROSENBRIDGE TECHNOLOGY EQUITY TOKEN,https://www.rbt.design/,2.0.0,0x141a13c9c41f5c9e357ef0674e48f3ed235aaf94,https://etherscan.io/token/0x141a13c9c41f5c9e357ef0674e48f3ed235aaf94,0x4512a7609d256881998340b4A5796c53c772e5f9,1,0,FALSE,FALSE,0x0000000000000000000000000000000000000000,0,0,0,1,0,0,0
127,SIKZ,SIKZ,,2.0.0,0x97ac3b2a4a6fb92d41911a679c65b99798bf2414,https://etherscan.io/token/0x97ac3b2a4a6fb92d41911a679c65b99798bf2414,0x7a0E841abC23fC519190F756eaB2A7e5F1245679,1,0,FALSE,FALSE,0x0000000000000000000000000000000000000000,0,0,0,1,0,0,0
128,ALUX,ALUX,,2.0.0,0xa6c16e67ff011c9ffdbf7061f8676d6aa96d1506,https://etherscan.io/token/0xa6c16e67ff011c9ffdbf7061f8676d6aa96d1506,0xFef338a2b45682fa7eF1ac116755F5DFcD6CE7Cf,1.00E+18,"15,000,000",FALSE,FALSE,0x0000000000000000000000000000000000000000,3,0,0,1,0,0,0
129,QUAKE,QuakeCoin,https://www.blockquake.com,2.0.0,0xefd3435c78973e510dd443441d382ad2693f95fd,https://etherscan.io/token/0xefd3435c78973e510dd443441d382ad2693f95fd,0xdaf03da1d858876f71512CAe20dE194dBc3e3C15,1,"50,500",FALSE,FALSE,0x0000000000000000000000000000000000000000,5,0,0,1,0,0,0
130,RPRC,Real Property Real Capital,,2.0.0,0xaa5b2a23331e09d16c19eba3634e9a6fee43444d,https://etherscan.io/token/0xaa5b2a23331e09d16c19eba3634e9a6fee43444d,0x627E30c3364817BAE2648E4e4D9914dBa106BFb1,1.00E+18,0,FALSE,FALSE,0x0000000000000000000000000000000000000000,0,0,0,1,0,0,0
131,MAPLE,The Maple Leaf,,2.0.0,0xdaf590ec1fc20d53d3cd8c1daaa1447061f87eb5,https://etherscan.io/token/0xdaf590ec1fc20d53d3cd8c1daaa1447061f87eb5,0xFef338a2b45682fa7eF1ac116755F5DFcD6CE7Cf,1.00E+18,"15,000,000",FALSE,FALSE,0x0000000000000000000000000000000000000000,3,0,0,1,0,0,0
132,SEX,Sex,,2.0.0,0xd0a94121113bb874074d9ff82c1705e9cd9eea1e,https://etherscan.io/token/0xd0a94121113bb874074d9ff82c1705e9cd9eea1e,0x44F97283227fDFf79c48658A9435e7a13019037f,1,"1,000,000,000",FALSE,FALSE,0x0000000000000000000000000000000000000000,1,0,0,1,0,0,0
133,GRNRBR,Green Rubber,https://www.greenrubbergroup.com/investor/ir/,2.0.0,0x39cef52701d2c0f2d95a6ef9fc020ef43e690f5d,https://etherscan.io/token/0x39cef52701d2c0f2d95a6ef9fc020ef43e690f5d,0x5F519d0FE7A42A5637F81b81aA79f864E6Cc59CD,1.00E+18,0,TRUE,FALSE,0x5F519d0FE7A42A5637F81b81aA79f864E6Cc59CD,0,0,0,1,0,0,0
134,CTODIV1,CommTrade Dividend Token,,2.0.0,0x38e1bb648671e5736967e4cc5927b2afc68a3e25,https://etherscan.io/token/0x38e1bb648671e5736967e4cc5927b2afc68a3e25,0xc1f7725c1Eb192A492b6A9b0052e937F59c976f7,1,"1,011,615",FALSE,FALSE,0x0000000000000000000000000000000000000000,5,0,0,1,0,0,0
135,BRBI,Barbie,,2.0.0,0x98b6949f4337159c7ae4ce1afa9ec31d5e29bd3c,https://etherscan.io/token/0x98b6949f4337159c7ae4ce1afa9ec31d5e29bd3c,0x1062DAe91F7a534aAfFecA274D7AC3aaa2b0d954,1,0,FALSE,FALSE,0x0000000000000000000000000000000000000000,0,0,0,1,0,0,0
136,SCM,smartChem,https://smartchem.io/,2.0.0,0x9b327340e76a9043f078e6f8dad5ad2606234ffb,https://etherscan.io/token/0x9b327340e76a9043f078e6f8dad5ad2606234ffb,0x1751c5f5B3c3A989F5D9fD1806543dC4b97C6d0d,1,0,FALSE,FALSE,0x0000000000000000000000000000000000000000,0,0,0,1,0,0,0
137,EURO,Deutschland,https://www.Deutschland.de,2.0.0,0x9abfadcaa8d05c5d1fc81365f2baa77ee9377b5d,https://etherscan.io/token/0x9abfadcaa8d05c5d1fc81365f2baa77ee9377b5d,0x7DE50C6991b41Dca49b11a20660436D48C3f613E,1,0,FALSE,FALSE,0x0000000000000000000000000000000000000000,0,0,0,1,0,0,0
138,EXST,Einstein Exchange Security Token,,2.0.0,0xe4dd566b410fe45db55bd9f5f928269290b0a674,https://etherscan.io/token/0xe4dd566b410fe45db55bd9f5f928269290b0a674,0xa782a900928d93066611036864c0Ac72F8238e86,1.00E+18,0,FALSE,FALSE,0x0000000000000000000000000000000000000000,0,0,0,1,0,1,0
139,EVG,EVG Token,,2.0.0,0x5a34cb85606cfddcdb30d300eb29e12501bd8042,https://etherscan.io/token/0x5a34cb85606cfddcdb30d300eb29e12501bd8042,0xd5833d3A962F5B5F9a424947Ff6588E5E142f73e,1.00E+18,0,FALSE,FALSE,0x0000000000000000000000000000000000000000,0,0,0,1,0,0,0
140,PSIMP,PSIM Property,,2.0.0,0x700cbc22df84d733ab12d9506d612f6f0ca02be4,https://etherscan.io/token/0x700cbc22df84d733ab12d9506d612f6f0ca02be4,0x8eE01d1d033DBaA07Ee3992BA28A15Ba63796F5D,1,0,FALSE,FALSE,0x0000000000000000000000000000000000000000,0,0,0,1,0,0,0
141,HEALTH,MyHealth,,2.0.0,0x194bdb380494ca145e2cc93c69f581255a895d17,https://etherscan.io/token/0x194bdb380494ca145e2cc93c69f581255a895d17,0xF04689EF60815EC9FE08f8609DD2881eFc5c6176,1,0,FALSE,FALSE,0x0000000000000000000000000000000000000000,0,1,0,1,0,1,0
142,BUSHNELL-A,Bushnell,,2.0.0,0x50dd6f6923a425867a75bb93dc445197d0a4041e,https://etherscan.io/token/0x50dd6f6923a425867a75bb93dc445197d0a4041e,0xE595397b0ac4bfb76D9399111bC579c04A243334,1.00E+18,0,FALSE,FALSE,0x0000000000000000000000000000000000000000,0,0,0,1,0,0,0
143,CROW,Crow Coin,,2.0.0,0xa16c515b3026a5232c53de0e10613b76d7e35797,https://etherscan.io/token/0xa16c515b3026a5232c53de0e10613b76d7e35797,0x260e30FE5DcB53227847D6b1E01203Fa32CB973d,1.00E+18,0,FALSE,FALSE,0x0000000000000000000000000000000000000000,0,0,0,1,0,0,0
144,BLT,BetterLife Token,http://betterlife.li/dashboard,2.0.0,0xb76a0878b3cccb1d97a5eda51f99ecabd40e58d9,https://etherscan.io/token/0xb76a0878b3cccb1d97a5eda51f99ecabd40e58d9,0x5a0f528D0B1a969C39fb4BC56d3eC83efE7Ec355,1.00E+18,0,FALSE,FALSE,0x0000000000000000000000000000000000000000,0,0,0,1,0,0,0
145,TIMER,TIMER,,2.0.0,0xbdf53a2e9aa341f3f397540d660deb6a78f36207,https://etherscan.io/token/0xbdf53a2e9aa341f3f397540d660deb6a78f36207,0x92847CEcF5516Cd7D9D51000b159A7cb9371D783,1,0,FALSE,FALSE,0x0000000000000000000000000000000000000000,0,0,0,1,0,0,0
146,HFH,Horton Family Homes Token,https://www.hortonfamilyhomes.com/presentation,2.0.0,0xbb64fc977b0cdc83d2d1e7ae294d1e9caf91254d,https://etherscan.io/token/0xbb64fc977b0cdc83d2d1e7ae294d1e9caf91254d,0x99DF280263Ac2Ee9C5A44985Dc9620AF875A7f05,1,"500,000,000",FALSE,FALSE,0x0000000000000000000000000000000000000000,3,0,0,1,0,1,0
147,ZIYENCOIN,ZiyenCoin,,2.0.0,0x4a54057bc028d71d4291946d73f5494e8b663bae,https://etherscan.io/token/0x4a54057bc028d71d4291946d73f5494e8b663bae,0x968210F731E21F2FE89c11007C36273aB3ac7adD,1.00E+18,"70,003,625",FALSE,FALSE,0x0000000000000000000000000000000000000000,25,0,0,1,0,0,0
148,RUDRA,RUDRA,,2.0.0,0x49e0822d985cf6553633b066ef5ef1c7ddf0f1e6,https://etherscan.io/token/0x49e0822d985cf6553633b066ef5ef1c7ddf0f1e6,0xE5a884bBF504FF09Af7BAaD88f594Ab491d5Fbce,1.00E+18,0,FALSE,FALSE,0x0000000000000000000000000000000000000000,0,0,0,1,0,0,0
159,BLABS,Blockchain Labs Asia,https://www.blabs.asia/investor,3.0.0,0x3607f34271b8d734e323690dd71a0212627f91e5,https://etherscan.io/token/0x3607f34271b8d734e323690dd71a0212627f91e5,0xbE95Ea3B00285D580CfD737d626082c0514BF675,1,"100,000,000",FALSE,TRUE,0x0000000000000000000000000000000000000000,1,0,0,1,0,0,0
160,BKYA,Bookya,https://www.bookya.com/investor/,3.0.0,0x6dbb5378961c6bb18f0e9bf503ec00ee5ca6c4f2,https://etherscan.io/token/0x6dbb5378961c6bb18f0e9bf503ec00ee5ca6c4f2,0xeE8f150257b3ff397CDcb3eB14b6fd5763cc7244,1,"100,000,000",FALSE,TRUE,0x0000000000000000000000000000000000000000,1,0,0,1,0,0,0
161,CNODE,CryptoNode,https://www.cryptonode.me/investor/,3.0.0,0x81f4d69229c8cbcbf2f092fafb9612dd2feacaf9,https://etherscan.io/token/0x81f4d69229c8cbcbf2f092fafb9612dd2feacaf9,0x1A9638cd2b54B213717031ccab15Af672cA4e506,1,"100,000,000",FALSE,TRUE,0x0000000000000000000000000000000000000000,1,0,0,1,0,0,0
162,SONATA,Sonata Capital,https://www.sonata.capital/investor,3.0.0,0x697bbedac86bb8f13cbe757aea95e75fb830a99d,https://etherscan.io/token/0x697bbedac86bb8f13cbe757aea95e75fb830a99d,0x9f86C2105849F8aF776F841e312f20122c05F40F,1,"100,000,000",FALSE,TRUE,0x0000000000000000000000000000000000000000,1,0,0,1,0,0,0
163,BRIXCORP,BRIX International,https://www.brix.international/investor/,3.0.0,0xf9f3458db4e753bb511834275ecf60817234e77e,https://etherscan.io/token/0xf9f3458db4e753bb511834275ecf60817234e77e,0x8B8c315DC26413520DD53826a4c0C9d947c3Ba70,1,"100,000,000",FALSE,TRUE,0x0000000000000000000000000000000000000000,1,0,0,1,0,0,0
164,VPNSTK,VPNstack,https://www.vpnstack.io/investor,3.0.0,0xb2ae1345d4f7c9207c90ca16ca1158f7193b45b7,https://etherscan.io/token/0xb2ae1345d4f7c9207c90ca16ca1158f7193b45b7,0x88cfD220D5f72bd747C340053011EF3f9E559Cac,1,"100,000,000",FALSE,TRUE,0x0000000000000000000000000000000000000000,1,0,0,1,0,0,0
165,ROBOT,RobotInfra,https://www.robotinfra.com/investor,3.0.0,0xe156bac00c399296b5eb2f52fe439227e24cbfce,https://etherscan.io/token/0xe156bac00c399296b5eb2f52fe439227e24cbfce,0xBB1BCd6B6735888cBfb5cadeB6A241B75a691734,1,"100,000,000",FALSE,TRUE,0x0000000000000000000000000000000000000000,1,0,0,1,0,0,0
166,SNTX,SecuNet,https://www.secunet.io/investor,3.0.0,0x04bdb96778cfb7046d4e85973028af8369ea6b9e,https://etherscan.io/token/0x04bdb96778cfb7046d4e85973028af8369ea6b9e,0x3931001FeEFC7232DD68B8F97e5e43428374295E,1.00E+00,"100,000,000",FALSE,TRUE,0x0000000000000000000000000000000000000000,1,0,0,1,0,0,0
167,DSTS,MetalStream Platinum,https://www.metalstream.io/investor,3.0.0,0x8bc02f3db913d56c02bf2a68b78b109bc4528bd4,https://etherscan.io/token/0x8bc02f3db913d56c02bf2a68b78b109bc4528bd4,0x2CF67BfF2E7B98Df259a5F27c10B805D415400A6,1,0,FALSE,TRUE,0x0000000000000000000000000000000000000000,0,0,0,1,0,0,0
168,DSX,DSX,https://www.dsx.global/investor,3.0.0,0x3ad6ce742034273fe5ca436b3d8fbbb30b17b8be,https://etherscan.io/token/0x3ad6ce742034273fe5ca436b3d8fbbb30b17b8be,0x38af0e0e0623fC999762152F5747F3b854aa4De2,1,"100,000,000",FALSE,TRUE,0x0000000000000000000000000000000000000000,1,0,0,1,0,0,0
169,AFK,AFK Collection,https://www.afkcollection.com/investor,3.0.0,0xc37814cd15baeeb4ee5f777c76e7a0280964923f,https://etherscan.io/token/0xc37814cd15baeeb4ee5f777c76e7a0280964923f,0xA226Ca33fD5F7875C9Ac9630367810AA5A7e26C3,1,"100,000,000",FALSE,TRUE,0x0000000000000000000000000000000000000000,1,0,0,1,0,0,0
170,GRNRBR,Green Rubber,https://www.greenrubbergroup.com/investor/,3.0.0,0x754d12717bfb0b237ccd0c1a232af50844828fd1,https://etherscan.io/token/0x754d12717bfb0b237ccd0c1a232af50844828fd1,0x5F519d0FE7A42A5637F81b81aA79f864E6Cc59CD,1,"100,000,000",FALSE,TRUE,0x0000000000000000000000000000000000000000,1,0,0,1,0,0,0
171,CXGLD,Canamex Gold,https://www.canamexgold.com/investor,3.0.0,0xf1dd65acebf57d31eabc61ec9f2d2829e7d986d0,https://etherscan.io/token/0xf1dd65acebf57d31eabc61ec9f2d2829e7d986d0,0xf141Ef7dd3Cde8924a89C35Bc1bCcDd525E4Ba48,1,"10,000,000",FALSE,TRUE,0xf141Ef7dd3Cde8924a89C35Bc1bCcDd525E4Ba48,1,0,0,1,0,0,0
172,CXSLV,Canamex Silver,https://www.canamexgold.com/investor,3.0.0,0xed9dec5497fa2feb653acd4a3862740ae705c382,https://etherscan.io/token/0xed9dec5497fa2feb653acd4a3862740ae705c382,0xf141Ef7dd3Cde8924a89C35Bc1bCcDd525E4Ba48,1,"10,000,000",FALSE,TRUE,0xf141Ef7dd3Cde8924a89C35Bc1bCcDd525E4Ba48,1,0,0,1,0,0,0
173,EGX,Enegra,https://www.enegra.com/investor/,3.0.0,0x5e8f0e658aff673aa635a889c5b4f38f12e2a740,https://etherscan.io/token/0x5e8f0e658aff673aa635a889c5b4f38f12e2a740,0x2e31AE306D7CDd0bc9e75d38Ad19A26F0e337842,1,"100,000,000",FALSE,TRUE,0x0000000000000000000000000000000000000000,93,0,0,1,0,0,0
174,USDL,USD Loans Token,USDL,3.0.0,0x0b27dddc7718cb70702ed8ce38b10f4520d58b13,https://etherscan.io/token/0x0b27dddc7718cb70702ed8ce38b10f4520d58b13,0x470D0fF74A659f84F4167AC0A5adB8b34e612F2B,1,0,FALSE,TRUE,0x0000000000000000000000000000000000000000,0,0,0,1,0,0,0
149,V3DOTZERO,V3.0 Test Token,,3.0.0,0x6fc78f75290d4d38720ad041a9a0d5e2c9981e38,https://etherscan.io/token/0x6fc78f75290d4d38720ad041a9a0d5e2c9981e38,0xAc4BA9E98E97294C7D3E3e2d19C7a936e187B1BF,1,"1,032",FALSE,TRUE,0x0000000000000000000000000000000000000000,7,0,0,1,1,0,0
150,MTLSTR,MetalStream,,3.0.0,0x9e1ea347c63818763256abd9c8df3e77be473de8,https://etherscan.io/token/0x9e1ea347c63818763256abd9c8df3e77be473de8,0x258DE6d045AEB7B16e88eF41E0F9534229bC34D7,1,"100,000,000",FALSE,TRUE,0x0000000000000000000000000000000000000000,1,0,0,1,0,0,0
151,COSERA,Cosera,https://www.cosera.io/investor,3.0.0,0xcafc6df97d82b48b0119ddf78cdee9b6d68963b9,https://etherscan.io/token/0xcafc6df97d82b48b0119ddf78cdee9b6d68963b9,0x17ADD87a4582cFA4717914387f24C5aBB06dE44E,1,"100,000,000",FALSE,TRUE,0x0000000000000000000000000000000000000000,1,0,0,1,0,0,0
152,BNKR,BNKR,https://www.bnkr.app/investor,3.0.0,0x263bf64b5f7f9074852752bcfcc5ade3815d6959,https://etherscan.io/token/0x263bf64b5f7f9074852752bcfcc5ade3815d6959,0x140e270917caa7dc9c968ED87a348545b8238d17,1,"100,000,000",FALSE,TRUE,0x0000000000000000000000000000000000000000,1,0,0,1,0,0,0
153,RNTM,Remon's 3.x token,,3.0.0,0xdf1cf1bf286e8e0f475b50bb8690262123304b42,https://etherscan.io/token/0xdf1cf1bf286e8e0f475b50bb8690262123304b42,0x33A2CFF8182d82AF69EbFC5d3eDF8F699555f146,1,0,FALSE,TRUE,0x0000000000000000000000000000000000000000,1,0,0,1,0,0,0
154,PCTFM,PerceptCoin,https://www.perceptform.tech,3.0.0,0xa236ea9eaee4e12eedc0fe9a3be9578c19e879e9,https://etherscan.io/token/0xa236ea9eaee4e12eedc0fe9a3be9578c19e879e9,0x2091125bFE4259b2CfA889165Beb6290d0Df5DeA,1.00E+00,0,FALSE,TRUE,0x0000000000000000000000000000000000000000,0,0,0,1,0,0,0
155,CON,CON Distributed super computing platform,,3.0.0,0x4117f3e80c6c3405b4c2c3adf2199e472ae2fd65,https://etherscan.io/token/0x4117f3e80c6c3405b4c2c3adf2199e472ae2fd65,0x97a9dd74581bC80e2c4EdD66795754eE0a24E469,1,"512,600",FALSE,TRUE,0x0000000000000000000000000000000000000000,4,1,0,1,0,1,0
156,DSI,Digits Token,,3.0.0,0xfc39afe933ffb1c2adcd72d44b0b67870fbbecd0,https://etherscan.io/token/0xfc39afe933ffb1c2adcd72d44b0b67870fbbecd0,0x29bD1Ed897B911CE3CFa9073661f01A8BeEA3CCa,1.00E+18,"18,296,272",FALSE,TRUE,0x0000000000000000000000000000000000000000,101,0,0,1,0,0,0
157,99EAST,99East,https://www.99east.com/investor,3.0.0,0xca7a287c4e65e61c5a599e4e6947dbcb5cce33c1,https://etherscan.io/token/0xca7a287c4e65e61c5a599e4e6947dbcb5cce33c1,0x3bcF88B72618Bc16727808f1Db908639544BC628,1,"100,000,000",FALSE,TRUE,0x0000000000000000000000000000000000000000,1,0,0,1,0,0,0
158,BZBK,BizCbook Token,,3.0.0,0xb8517891e00219170ca8f2df3444c380778d3920,https://etherscan.io/token/0xb8517891e00219170ca8f2df3444c380778d3920,0xf6a49B7eA12e7ae0224e86c77A897b62Bcf7C583,1,"1,000,000,000",FALSE,TRUE,0x0000000000000000000000000000000000000000,1,0,0,1,0,0,0
